model,accuracy,macro_f1,ece,mce,adaptive_ece,brier,nll
CNN_Only_uncalibrated,0.8165719282903366,0.811430296744278,0.2859096111600298,0.3529885871760734,0.28487773553529167,0.3641601924905134,0.8357369516776155
CNN_Only_temp_scaled,0.8165719282903366,0.811430296744278,0.022164305429348472,0.23469000396493536,0.022070017792006857,0.2619316376173635,0.5671013595395172
VGG16_uncalibrated,0.9645824223874071,0.9671686960522882,0.3627624233125098,0.47060566605488496,0.36276242331250963,0.21097298288960306,0.5535574921068592
VGG16_temp_scaled,0.9645824223874071,0.9671686960522882,0.007925935725692695,0.23711975791346235,0.009569964736409335,0.054095066965445034,0.12775860745660847
RegNetY008_uncalibrated,0.8712286838653257,0.8760486665765777,0.289758767507256,0.3748806964071679,0.2894065108485648,0.29071955561331186,0.7044773182238037
RegNetY008_temp_scaled,0.8712286838653257,0.8760486665765777,0.02077934952300099,0.11481619988560543,0.020972295162500654,0.18727352527208058,0.4205406804958408
EfficientNetB7_uncalibrated,0.9737647573240052,0.9749288862197443,0.3057466831538545,0.4471389463012795,0.3052825259019577,0.155509814188663,0.4462206165168782
EfficientNetB7_temp_scaled,0.9737647573240052,0.9749288862197443,0.004780094668326489,0.3588823410558162,0.0055953855193746635,0.042130078216940134,0.1054028929504578
Hybrid_CNN_ViT_uncalibrated,0.9768255356362047,0.9783667169230881,0.36931019977125584,0.41293224966105213,0.36909775624914754,0.19550036436253007,0.5380952218422967
Hybrid_CNN_ViT_temp_scaled,0.9768255356362047,0.9783667169230881,0.0059072279661059905,0.4117731694084554,0.012476061967066927,0.039966326205837434,0.10993599461069131
