epoch,accuracy,cam_background_frac,cam_lesion_frac,ce,kd,loss,val_accuracy,val_ce,val_loss
0,0.6967455744743347,0.0,0.0,0.8965991735458374,0.0,0.949995756149292,0.7739682793617249,0.6197367310523987,0.6197367310523987
1,0.7026997208595276,0.0,0.0,0.8524434566497803,0.0,0.9054020047187805,0.7641269564628601,0.6174575090408325,0.6174575090408325
2,0.7294748425483704,0.0,0.0,0.7841588854789734,0.0,0.8366581201553345,0.7787301540374756,0.5883329510688782,0.5883329510688782
3,0.7297707200050354,0.0,0.0,0.7807016968727112,0.0,0.8328114748001099,0.7834920883178711,0.5702187418937683,0.5702187418937683
4,0.7244822382926941,0.0,0.0,0.7989057302474976,0.0,0.8506854772567749,0.7888888716697693,0.5646498799324036,0.5646498799324036
5,0.7340976595878601,0.0,0.0,0.7895395159721375,0.0,0.8410567045211792,0.790158748626709,0.5573829412460327,0.5573829412460327
6,0.7301035523414612,0.0,0.0,0.7912420034408569,0.0,0.8425748944282532,0.7942857146263123,0.5500823259353638,0.5500823259353638
7,0.7479289770126343,0.0,0.0,0.759194016456604,0.0,0.810411810874939,0.7965079545974731,0.5468220114707947,0.5468220114707947
8,0.7478920221328735,0.0,0.0,0.7700880765914917,0.0,0.8212476968765259,0.799047589302063,0.5446438789367676,0.5446438789367676
9,0.7509984970092773,0.0,0.0,0.7565017342567444,0.0,0.8076436519622803,0.7987301349639893,0.5443202257156372,0.5443202257156372
