model,split,class,deletion_auc,deletion_auc_random,insertion_auc
CNN_Only,PV-Test,Tomato___Leaf_Mold,0.12999228723347186,0.0955280501395464,0.5635359942913054
CNN_Only,Field-Test,Tomato___Target_Spot,0.14146416001021864,0.19978494029492141,0.5617011576890945
CNN_Only,Field-Test,Tomato___Septoria_leaf_spot,0.13669380322098731,0.08409794755280017,0.4179309129714966
CNN_Only,PV-Test,Tomato___Septoria_leaf_spot,0.12312532775104047,0.10145794935524466,0.5963442921638489
CNN_Only,Field-Test,Tomato___Tomato_Yellow_Leaf_Curl_Virus,0.20738218426704405,0.09752827621996402,0.5705629855394363
CNN_Only,PV-Test,Tomato___Tomato_mosaic_virus,0.22097300793975597,0.06670530410483479,0.5920895043760538
CNN_Only,Field-Test,Tomato___Leaf_Mold,0.283530555292964,0.09035325236618519,0.5498220294713974
CNN_Only,Field-Test,Tomato___healthy,0.6021685183048248,0.6565389037132263,0.41326611340045927
CNN_Only,Field-Test,Tomato___Tomato_Yellow_Leaf_Curl_Virus,0.18692670390009883,0.13443229012191293,0.5185232669115066
CNN_Only,PV-Test,Tomato___Spider_mites Two-spotted_spider_mite,0.16913339048624038,0.08519129659980536,0.6309378392994404
CNN_Only,Field-Test,Tomato___Late_blight,0.23335019275546073,0.11523510366678238,0.3985811173915863
CNN_Only,Field-Test,Tomato___Late_blight,0.22521777004003524,0.1581079304218292,0.32559111267328267
CNN_Only,PV-Test,Tomato___Target_Spot,0.19620821662247181,0.20088108349591496,0.606508432328701
CNN_Only,PV-Test,Tomato___Leaf_Mold,0.21369606181979178,0.11062221191823483,0.6721846044063569
CNN_Only,Field-Test,Tomato___Target_Spot,0.147703480347991,0.1544784601777792,0.5713695049285888
CNN_Only,PV-Test,Tomato___Bacterial_spot,0.27543402761220936,0.13572549372911452,0.5837658256292343
CNN_Only,PV-Test,Tomato___Early_blight,0.14973292425274848,0.10395598597824575,0.5261932700872421
CNN_Only,Field-Test,Tomato___healthy,0.21591412425041195,0.6329995512962342,0.19570330530405045
CNN_Only,Field-Test,Tomato___Target_Spot,0.21624929625540976,0.14301837533712386,0.564896809309721
CNN_Only,Field-Test,Tomato___Leaf_Mold,0.08246360383927823,0.07678183317184449,0.4903880417346954
CNN_Only,Field-Test,Tomato___Spider_mites Two-spotted_spider_mite,0.38045600783079864,0.07362673245370388,0.25864970386028285
CNN_Only,PV-Test,Tomato___Bacterial_spot,0.17195665389299394,0.12233743593096733,0.48878869116306295
CNN_Only,PV-Test,Tomato___Target_Spot,0.21133764665573837,0.1797095550224185,0.5425230048596859
CNN_Only,PV-Test,Tomato___Tomato_Yellow_Leaf_Curl_Virus,0.07496932446956635,0.07061932943761348,0.5455845296382904
CNN_Only,PV-Test,Tomato___Early_blight,0.1631811410188675,0.09634798727929594,0.3549509048461914
CNN_Only,Field-Test,Tomato___Target_Spot,0.1395512657240033,0.11986603792756796,0.34192309416830535
CNN_Only,Field-Test,Tomato___Spider_mites Two-spotted_spider_mite,0.18683888409286736,0.0948139512911439,0.6162710689008235
CNN_Only,PV-Test,Tomato___Late_blight,0.0805300697684288,0.14744241386651996,0.294152594357729
CNN_Only,PV-Test,Tomato___Septoria_leaf_spot,0.24301299713552002,0.2066196270287037,0.41390647590160373
CNN_Only,Field-Test,Tomato___Septoria_leaf_spot,0.2805627934634686,0.20988275259733202,0.6450305908918381
CNN_Only,PV-Test,Tomato___healthy,0.5545615196228026,0.638347828388214,0.6900220751762391
CNN_Only,PV-Test,Tomato___Target_Spot,0.12098651956766843,0.17242429889738564,0.6132585205137729
CNN_Only,Field-Test,Tomato___Tomato_mosaic_virus,0.2795817323029042,0.0846296725794673,0.618365079909563
CNN_Only,PV-Test,Tomato___Tomato_mosaic_virus,0.3721600729972125,0.05012261094525457,0.4002490645274519
CNN_Only,PV-Test,Tomato___Septoria_leaf_spot,0.16878207251429556,0.20070782080292704,0.54394471347332
CNN_Only,Field-Test,Tomato___Spider_mites Two-spotted_spider_mite,0.300471531227231,0.06812382750213146,0.4108401589095592
CNN_Only,PV-Test,Tomato___Bacterial_spot,0.17612059861421586,0.11095226928591728,0.4997274160385131
CNN_Only,Field-Test,Tomato___Spider_mites Two-spotted_spider_mite,0.054525622539222246,0.054782082512974735,0.39194450825452803
CNN_Only,PV-Test,Tomato___Bacterial_spot,0.19376576095819475,0.13742289692163467,0.6343288034200668
CNN_Only,PV-Test,Tomato___Target_Spot,0.19830016549676657,0.1567350246012211,0.5379985313862562
CNN_Only,PV-Test,Tomato___Tomato_mosaic_virus,0.27016004826873535,0.059865154791623354,0.5377467699348927
CNN_Only,PV-Test,Tomato___Tomato_Yellow_Leaf_Curl_Virus,0.16745130978524686,0.07185777723789216,0.5483343482017516
CNN_Only,Field-Test,Tomato___Septoria_leaf_spot,0.22355031147599222,0.26808889433741573,0.5312686026096344
CNN_Only,Field-Test,Tomato___Tomato_mosaic_virus,0.13870075084269048,0.05345247220247984,0.37770967222750185
CNN_Only,Field-Test,Tomato___healthy,0.4699690610170365,0.6417744874954223,0.48890895247459404
CNN_Only,PV-Test,Tomato___Early_blight,0.08472093865275383,0.056169320642948155,0.42569777071475984
CNN_Only,PV-Test,Tomato___healthy,0.5414377927780151,0.6434594213962554,0.6692696869373321
CNN_Only,Field-Test,Tomato___Bacterial_spot,0.11353306993842127,0.09399317055940629,0.42419384866952903
CNN_Only,Field-Test,Tomato___Early_blight,0.15582869835197927,0.08708576187491417,0.3580210328102112
CNN_Only,PV-Test,Tomato___Bacterial_spot,0.24702103808522224,0.12045536488294602,0.5580669999122619
CNN_Only,Field-Test,Tomato___Leaf_Mold,0.14697286784648897,0.10472164377570153,0.28370288014411926
CNN_Only,Field-Test,Tomato___Early_blight,0.25430247336626055,0.06557223554700613,0.4949883192777634
CNN_Only,PV-Test,Tomato___Leaf_Mold,0.1168228901922703,0.11558077689260245,0.5782433927059173
CNN_Only,PV-Test,Tomato___healthy,0.5024317771196365,0.6070695340633392,0.659255313873291
CNN_Only,Field-Test,Tomato___Late_blight,0.12339077293872834,0.16269729360938073,0.389836972951889
CNN_Only,Field-Test,Tomato___Late_blight,0.4918004751205444,0.5208331823349,0.47726370096206666
CNN_Only,Field-Test,Tomato___Septoria_leaf_spot,0.17345850244164468,0.15369961932301524,0.4382032096385956
CNN_Only,Field-Test,Tomato___Early_blight,0.1949246153235436,0.08135316073894501,0.4118719726800919
CNN_Only,Field-Test,Tomato___Tomato_mosaic_virus,0.29990634322166443,0.05344240320846439,0.4893003534525633
CNN_Only,PV-Test,Tomato___Early_blight,0.4742360889911652,0.06509188655763865,0.5337701827287673
VGG16,PV-Test,Tomato___Leaf_Mold,0.480205649137497,0.19942859299480917,0.5646206304430963
VGG16,Field-Test,Tomato___Target_Spot,0.425852743908763,0.188240047544241,0.4169261643663048
VGG16,Field-Test,Tomato___Septoria_leaf_spot,0.32187524959444996,0.34290107116103175,0.45734929591417317
VGG16,PV-Test,Tomato___Septoria_leaf_spot,0.4293345350772143,0.24131688252091413,0.4753089338541031
VGG16,Field-Test,Tomato___Tomato_Yellow_Leaf_Curl_Virus,0.3255434833467007,0.1112653348594904,0.5564225673675537
VGG16,PV-Test,Tomato___Tomato_mosaic_virus,0.48504244275391106,0.09969384651631118,0.30527404807507985
VGG16,Field-Test,Tomato___Leaf_Mold,0.26306193321943283,0.1580485634505749,0.6495340138673783
VGG16,Field-Test,Tomato___healthy,0.4499543309211731,0.5258546799421311,0.6786776721477509
VGG16,Field-Test,Tomato___Tomato_Yellow_Leaf_Curl_Virus,0.30637413710355765,0.11608772873878478,0.46985025703907013
VGG16,PV-Test,Tomato___Spider_mites Two-spotted_spider_mite,0.3498354388400913,0.07295617181807758,0.5137643538415432
VGG16,Field-Test,Tomato___Late_blight,0.18997289910912513,0.18532465025782585,0.6787717223167419
VGG16,Field-Test,Tomato___Late_blight,0.20645740032196044,0.2643555119633675,0.6530556917190552
VGG16,PV-Test,Tomato___Target_Spot,0.23723834902048113,0.3063855174928904,0.6129109263420105
VGG16,PV-Test,Tomato___Leaf_Mold,0.23808379247784614,0.2179571606218815,0.5853028386831284
VGG16,Field-Test,Tomato___Target_Spot,0.13570643849670888,0.0997381843626499,0.5962108463048935
VGG16,PV-Test,Tomato___Bacterial_spot,0.3323063366115094,0.11203602552413941,0.5541959315538406
VGG16,PV-Test,Tomato___Early_blight,0.36404168456792835,0.11513014137744904,0.4453145340085029
VGG16,Field-Test,Tomato___healthy,0.14216902777552606,0.0778991524130106,0.512878167629242
VGG16,Field-Test,Tomato___Target_Spot,0.42694422602653503,0.11607984490692616,0.3526120275259018
VGG16,Field-Test,Tomato___Leaf_Mold,0.47098261117935186,0.20091883391141893,0.43416902571916577
VGG16,Field-Test,Tomato___Spider_mites Two-spotted_spider_mite,0.4000537674874068,0.06261310130357743,0.5125445112586021
VGG16,PV-Test,Tomato___Bacterial_spot,0.26566211804747586,0.09030139856040478,0.56128508746624
VGG16,PV-Test,Tomato___Target_Spot,0.17593960035592318,0.1697980457916856,0.5986008539795875
VGG16,PV-Test,Tomato___Tomato_Yellow_Leaf_Curl_Virus,0.34675960317254073,0.07275802455842495,0.3302360150963068
VGG16,PV-Test,Tomato___Early_blight,0.33738719597458844,0.18196782916784288,0.47588986903429026
VGG16,Field-Test,Tomato___Target_Spot,0.19548655562102799,0.11403519306331873,0.3591264683753252
VGG16,Field-Test,Tomato___Spider_mites Two-spotted_spider_mite,0.4198378147557378,0.126289645396173,0.4718405783176422
VGG16,PV-Test,Tomato___Late_blight,0.5646432489156724,0.351085414737463,0.47532126158475874
VGG16,PV-Test,Tomato___Septoria_leaf_spot,0.38521093763411046,0.3315923869609833,0.45906273797154423
VGG16,Field-Test,Tomato___Septoria_leaf_spot,0.5726233273744582,0.11953934580087662,0.4570117428898811
VGG16,PV-Test,Tomato___healthy,0.5662920773029327,0.5086175769567489,0.6630571186542512
VGG16,PV-Test,Tomato___Target_Spot,0.33113358058035375,0.19556170888245106,0.5088481098413467
VGG16,Field-Test,Tomato___Tomato_mosaic_virus,0.44540243968367577,0.06379396663978697,0.460437562316656
VGG16,PV-Test,Tomato___Tomato_mosaic_virus,0.49044467993080615,0.06759925335645676,0.3057588037103414
VGG16,PV-Test,Tomato___Septoria_leaf_spot,0.3987322703003884,0.4548497620970011,0.4593629553914069
VGG16,Field-Test,Tomato___Spider_mites Two-spotted_spider_mite,0.4201996862888337,0.08051509242504835,0.42244350388646124
VGG16,PV-Test,Tomato___Bacterial_spot,0.2955933839082718,0.11759916990995407,0.5928904145956039
VGG16,Field-Test,Tomato___Spider_mites Two-spotted_spider_mite,0.2759353255853057,0.08288408163934946,0.360731752961874
VGG16,PV-Test,Tomato___Bacterial_spot,0.272402049601078,0.15284296423196794,0.5310177832841874
VGG16,PV-Test,Tomato___Target_Spot,0.28290038313716653,0.16880807727575306,0.5923192150890827
VGG16,PV-Test,Tomato___Tomato_mosaic_virus,0.44919735938310634,0.0850849511101842,0.27765911016613243
VGG16,PV-Test,Tomato___Tomato_Yellow_Leaf_Curl_Virus,0.29029581770300866,0.07879315055906774,0.38894203901290886
VGG16,Field-Test,Tomato___Septoria_leaf_spot,0.47884333506226545,0.4356825269758702,0.3486138090491294
VGG16,Field-Test,Tomato___Tomato_mosaic_virus,0.27883972898125653,0.07358730249106885,0.5247929524630308
VGG16,Field-Test,Tomato___healthy,0.4633586078882218,0.5428947746753693,0.6939233899116516
VGG16,PV-Test,Tomato___Early_blight,0.4225452974438668,0.0849566850811243,0.3765943065285683
VGG16,PV-Test,Tomato___healthy,0.6468116968870162,0.5778950929641724,0.6765237450599672
VGG16,Field-Test,Tomato___Bacterial_spot,0.4186370052397252,0.08736801147460938,0.49110849201679235
VGG16,Field-Test,Tomato___Early_blight,0.4783461775630713,0.13250777758657936,0.5259944587945938
VGG16,PV-Test,Tomato___Bacterial_spot,0.2690198842436075,0.08583761975169182,0.5340189814567565
VGG16,Field-Test,Tomato___Leaf_Mold,0.20333803333342074,0.1654288947582245,0.3917329922318459
VGG16,Field-Test,Tomato___Early_blight,0.3867520663887263,0.12047605253756047,0.5251052647829055
VGG16,PV-Test,Tomato___Leaf_Mold,0.4357154347002507,0.28078122697770597,0.44377867430448525
VGG16,PV-Test,Tomato___healthy,0.5388930618762969,0.5864951550960541,0.6424813032150268
VGG16,Field-Test,Tomato___Late_blight,0.38038383871316916,0.3022681832313538,0.4663554564118385
VGG16,Field-Test,Tomato___Late_blight,0.1472295165061951,0.1606612347066403,0.5583698958158493
VGG16,Field-Test,Tomato___Septoria_leaf_spot,0.4414235226809979,0.15360642075538639,0.5969861388206482
VGG16,Field-Test,Tomato___Early_blight,0.39703839272260666,0.11918030381202697,0.37847333177924153
VGG16,Field-Test,Tomato___Tomato_mosaic_virus,0.35570703297853473,0.08897299021482469,0.5280050791800022
VGG16,PV-Test,Tomato___Early_blight,0.5069011881947518,0.16928778588771826,0.456473109126091
RegNetY008,PV-Test,Tomato___Leaf_Mold,0.19694061428308487,0.14756070561707021,0.42284230291843417
RegNetY008,Field-Test,Tomato___Target_Spot,0.11839639134705067,0.32955862022936344,0.547252981364727
RegNetY008,Field-Test,Tomato___Septoria_leaf_spot,0.13394041284918787,0.20318475365638733,0.33882666081190105
RegNetY008,PV-Test,Tomato___Septoria_leaf_spot,0.16491560861468316,0.11835342645645143,0.567175067961216
RegNetY008,Field-Test,Tomato___Tomato_Yellow_Leaf_Curl_Virus,0.28069678843021395,0.12975047640502455,0.5848110884428025
RegNetY008,PV-Test,Tomato___Tomato_mosaic_virus,0.3333212492987514,0.05331368399783969,0.46845769025385375
RegNetY008,Field-Test,Tomato___Leaf_Mold,0.34555355831980705,0.10162916965782642,0.6369511276483536
RegNetY008,Field-Test,Tomato___healthy,0.5140055030584335,0.5379263222217561,0.5018779069185257
RegNetY008,Field-Test,Tomato___Tomato_Yellow_Leaf_Curl_Virus,0.2861952602863312,0.1768048331141472,0.6641586005687714
RegNetY008,PV-Test,Tomato___Spider_mites Two-spotted_spider_mite,0.5118609866127373,0.07780480086803437,0.3804678143933415
RegNetY008,Field-Test,Tomato___Late_blight,0.1047033179551363,0.057554662600159644,0.517732846736908
RegNetY008,Field-Test,Tomato___Late_blight,0.16978295706212523,0.0844870749861002,0.3440484672784806
RegNetY008,PV-Test,Tomato___Target_Spot,0.5260903295129538,0.29302075356245044,0.5230221882462501
RegNetY008,PV-Test,Tomato___Leaf_Mold,0.41821126565337186,0.08965739980340005,0.4029212981462478
RegNetY008,Field-Test,Tomato___Target_Spot,0.13075898252427576,0.3707962453365326,0.33270164541900155
RegNetY008,PV-Test,Tomato___Bacterial_spot,0.45938376784324647,0.1700136587023735,0.6050376057624816
RegNetY008,PV-Test,Tomato___Early_blight,0.29546419605612756,0.07536054439842702,0.35439307168126105
RegNetY008,Field-Test,Tomato___healthy,0.19953938573598862,0.3397210210561753,0.17061153054237366
RegNetY008,Field-Test,Tomato___Target_Spot,0.550950306467712,0.28032312020659456,0.42720758020877836
RegNetY008,Field-Test,Tomato___Leaf_Mold,0.11590745560824874,0.11075969506055115,0.43261519521474834
RegNetY008,Field-Test,Tomato___Spider_mites Two-spotted_spider_mite,0.4002484608441592,0.04918254781514407,0.24394861496984954
RegNetY008,PV-Test,Tomato___Bacterial_spot,0.27644246518611904,0.11538375914096832,0.553874072432518
RegNetY008,PV-Test,Tomato___Target_Spot,0.24351444244384765,0.2726005982607603,0.44705706425011155
RegNetY008,PV-Test,Tomato___Tomato_Yellow_Leaf_Curl_Virus,0.1624445676803589,0.10097046121954918,0.5767832428216935
RegNetY008,PV-Test,Tomato___Early_blight,0.3463542446494103,0.15662915706634523,0.3578425943851471
RegNetY008,Field-Test,Tomato___Target_Spot,0.24638701360672716,0.19471045956015587,0.24320556707680224
RegNetY008,Field-Test,Tomato___Spider_mites Two-spotted_spider_mite,0.4832316752523184,0.07822184786200524,0.6038643509149552
RegNetY008,PV-Test,Tomato___Late_blight,0.20475444421172143,0.13042843360453846,0.5218381196260452
RegNetY008,PV-Test,Tomato___Septoria_leaf_spot,0.2743068613111973,0.3826315328478814,0.43957557901740074
RegNetY008,Field-Test,Tomato___Septoria_leaf_spot,0.43999172151088717,0.19673818349838254,0.5662293165922164
RegNetY008,PV-Test,Tomato___healthy,0.5111995875835419,0.5774091213941575,0.7184706956148148
RegNetY008,PV-Test,Tomato___Target_Spot,0.1580736504867673,0.33877440318465235,0.5126203283667564
RegNetY008,Field-Test,Tomato___Tomato_mosaic_virus,0.15715841967612507,0.07349656969308854,0.6660387426614761
RegNetY008,PV-Test,Tomato___Tomato_mosaic_virus,0.39548542164266115,0.055717783607542516,0.28180688861757514
RegNetY008,PV-Test,Tomato___Septoria_leaf_spot,0.3898777842521668,0.29559977278113364,0.3834594376385211
RegNetY008,Field-Test,Tomato___Spider_mites Two-spotted_spider_mite,0.25990249160677203,0.04853322627022864,0.523623226583004
RegNetY008,PV-Test,Tomato___Bacterial_spot,0.2651361063122749,0.13496016412973405,0.4408637464046478
RegNetY008,Field-Test,Tomato___Spider_mites Two-spotted_spider_mite,0.1349097453057766,0.044632745720446114,0.24368553534150122
RegNetY008,PV-Test,Tomato___Bacterial_spot,0.4112757757306099,0.12568836994469165,0.537138271331787
RegNetY008,PV-Test,Tomato___Target_Spot,0.26395132206380373,0.21320577785372735,0.4395627327263355
RegNetY008,PV-Test,Tomato___Tomato_mosaic_virus,0.4121441298164428,0.07360378159210088,0.34157582568004724
RegNetY008,PV-Test,Tomato___Tomato_Yellow_Leaf_Curl_Virus,0.1421105779707432,0.1125231184065342,0.6133349001407622
RegNetY008,Field-Test,Tomato___Septoria_leaf_spot,0.41508448421955113,0.23839040137827394,0.5602135986089707
RegNetY008,Field-Test,Tomato___Tomato_mosaic_virus,0.25710807153955106,0.054724912717938425,0.4368192225694656
RegNetY008,Field-Test,Tomato___healthy,0.5289264619350433,0.49880753457546234,0.4916065365076065
RegNetY008,PV-Test,Tomato___Early_blight,0.16677416637539863,0.07675364501774312,0.25047200843691825
RegNetY008,PV-Test,Tomato___healthy,0.48089149594306946,0.5252081245183944,0.6880766689777374
RegNetY008,Field-Test,Tomato___Bacterial_spot,0.2672165334224701,0.11449774838984011,0.44575673043727876
RegNetY008,Field-Test,Tomato___Early_blight,0.2033637698739767,0.08340471833944323,0.4990446776151657
RegNetY008,PV-Test,Tomato___Bacterial_spot,0.4567867040634156,0.17043798118829728,0.6267441540956498
RegNetY008,Field-Test,Tomato___Leaf_Mold,0.13966306522488595,0.07877226676791907,0.3375997543334961
RegNetY008,Field-Test,Tomato___Early_blight,0.16312260106205945,0.10998215004801751,0.6752426594495774
RegNetY008,PV-Test,Tomato___Leaf_Mold,0.3220448113977909,0.1623598238453269,0.6454329252243042
RegNetY008,PV-Test,Tomato___healthy,0.389681401848793,0.4864838838577271,0.673789656162262
RegNetY008,Field-Test,Tomato___Late_blight,0.08707121014595032,0.10854749344289302,0.41053230017423636
RegNetY008,Field-Test,Tomato___Late_blight,0.4464460849761963,0.4960725277662277,0.4492937803268432
RegNetY008,Field-Test,Tomato___Septoria_leaf_spot,0.33836835175752644,0.21077881529927256,0.4268000870943069
RegNetY008,Field-Test,Tomato___Early_blight,0.17107720300555232,0.07929739020764827,0.4901844471693039
RegNetY008,Field-Test,Tomato___Tomato_mosaic_virus,0.29523788504302506,0.07087368275970221,0.5165177084505557
RegNetY008,PV-Test,Tomato___Early_blight,0.2464685317128897,0.10291657149791718,0.5245307236909866
EfficientNetB7,PV-Test,Tomato___Leaf_Mold,0.09815439060330391,0.17746184021234515,0.5758806049823761
EfficientNetB7,Field-Test,Tomato___Target_Spot,0.08206139365211129,0.20181017220020295,0.5691376060247422
EfficientNetB7,Field-Test,Tomato___Septoria_leaf_spot,0.2117948353290558,0.1366570070385933,0.6656582981348037
EfficientNetB7,PV-Test,Tomato___Septoria_leaf_spot,0.17616603896021843,0.36094269156456,0.7439646780490875
EfficientNetB7,Field-Test,Tomato___Tomato_Yellow_Leaf_Curl_Virus,0.17708053877577187,0.26775583848357204,0.6918048173189164
EfficientNetB7,PV-Test,Tomato___Tomato_mosaic_virus,0.07023330735974014,0.12748823929578065,0.5245388239622116
EfficientNetB7,Field-Test,Tomato___Leaf_Mold,0.25507034584879873,0.21522141918540005,0.658607578277588
EfficientNetB7,Field-Test,Tomato___healthy,0.17681543705984948,0.6326832614839079,0.8024007499217988
EfficientNetB7,Field-Test,Tomato___Tomato_Yellow_Leaf_Curl_Virus,0.18394018579274418,0.27920534275472164,0.6742785647511482
EfficientNetB7,PV-Test,Tomato___Spider_mites Two-spotted_spider_mite,0.06636639856733383,0.15008689109236004,0.656674861907959
EfficientNetB7,Field-Test,Tomato___Late_blight,0.431890007853508,0.5870386898517609,0.725591242313385
EfficientNetB7,Field-Test,Tomato___Late_blight,0.47326940298080444,0.40885534584522243,0.658400458097458
EfficientNetB7,PV-Test,Tomato___Target_Spot,0.27501926207914945,0.25649274736642835,0.7161591559648514
EfficientNetB7,PV-Test,Tomato___Leaf_Mold,0.3004603058099747,0.2511894255876541,0.7119487136602403
EfficientNetB7,Field-Test,Tomato___Target_Spot,0.1753060940653086,0.1921877237968147,0.690124636888504
EfficientNetB7,PV-Test,Tomato___Bacterial_spot,0.15378601849079135,0.0663705880753696,0.4379326969385147
EfficientNetB7,PV-Test,Tomato___Early_blight,0.27720477823168044,0.10873817577958109,0.6909513652324676
EfficientNetB7,Field-Test,Tomato___healthy,0.06672876076772809,0.6506054937839508,0.45120255202054976
EfficientNetB7,Field-Test,Tomato___Target_Spot,0.18065595254302025,0.10134178940206766,0.589034640789032
EfficientNetB7,Field-Test,Tomato___Leaf_Mold,0.16400689408183097,0.18370191678404807,0.6151069670915603
EfficientNetB7,Field-Test,Tomato___Spider_mites Two-spotted_spider_mite,0.09934157384559512,0.14768898766487837,0.627173338830471
EfficientNetB7,PV-Test,Tomato___Bacterial_spot,0.1414505034685135,0.12993486281484368,0.61574137955904
EfficientNetB7,PV-Test,Tomato___Target_Spot,0.33410660084337,0.40626670196652415,0.6463585942983627
EfficientNetB7,PV-Test,Tomato___Tomato_Yellow_Leaf_Curl_Virus,0.13626619325950745,0.1372745852917433,0.648244297504425
EfficientNetB7,PV-Test,Tomato___Early_blight,0.2661271857097745,0.1967973750084639,0.5466316789388657
EfficientNetB7,Field-Test,Tomato___Target_Spot,0.19074573577381673,0.31210892237722876,0.5092225857079029
EfficientNetB7,Field-Test,Tomato___Spider_mites Two-spotted_spider_mite,0.119157447014004,0.21151462281122804,0.5910983040928841
EfficientNetB7,PV-Test,Tomato___Late_blight,0.4043173313140869,0.5258071362972259,0.6561782538890839
EfficientNetB7,PV-Test,Tomato___Septoria_leaf_spot,0.4161457128822804,0.3471452802419663,0.6475023791193961
EfficientNetB7,Field-Test,Tomato___Septoria_leaf_spot,0.25451488345861434,0.3343480318784714,0.80659339427948
EfficientNetB7,PV-Test,Tomato___healthy,0.3255958054214716,0.7392606645822527,0.6945683777332305
EfficientNetB7,PV-Test,Tomato___Target_Spot,0.09860960263758899,0.28215365782380103,0.563988522440195
EfficientNetB7,Field-Test,Tomato___Tomato_mosaic_virus,0.05787581610493363,0.07919664294458925,0.6787490755319595
EfficientNetB7,PV-Test,Tomato___Tomato_mosaic_virus,0.06027840273454786,0.12011735104024411,0.6170772217214107
EfficientNetB7,PV-Test,Tomato___Septoria_leaf_spot,0.16583658978343013,0.4607034608721734,0.6873511284589767
EfficientNetB7,Field-Test,Tomato___Spider_mites Two-spotted_spider_mite,0.05630178870633245,0.08425869084894658,0.5230201467871666
EfficientNetB7,PV-Test,Tomato___Bacterial_spot,0.1323472635820508,0.0641200914978981,0.5721830576658249
EfficientNetB7,Field-Test,Tomato___Spider_mites Two-spotted_spider_mite,0.06522599668242038,0.048396887909620996,0.35564847886562345
EfficientNetB7,PV-Test,Tomato___Bacterial_spot,0.16424078941345216,0.07342782281339169,0.554769791662693
EfficientNetB7,PV-Test,Tomato___Target_Spot,0.3451180441305041,0.18796145282685756,0.6842183098196983
EfficientNetB7,PV-Test,Tomato___Tomato_mosaic_virus,0.0777640660526231,0.13165422966703771,0.5925786480307579
EfficientNetB7,PV-Test,Tomato___Tomato_Yellow_Leaf_Curl_Virus,0.12750899698585272,0.09263227619230749,0.5912731170654297
EfficientNetB7,Field-Test,Tomato___Septoria_leaf_spot,0.11318970099091528,0.5610659390687944,0.6496935427188874
EfficientNetB7,Field-Test,Tomato___Tomato_mosaic_virus,0.12090317625552416,0.08564593377523123,0.478092734515667
EfficientNetB7,Field-Test,Tomato___healthy,0.10066322349011901,0.6892922893166542,0.7151758193969727
EfficientNetB7,PV-Test,Tomato___Early_blight,0.19340171068906786,0.1354632407426834,0.6431871920824052
EfficientNetB7,PV-Test,Tomato___healthy,0.30223251739516854,0.6237879406660797,0.7668309211730956
EfficientNetB7,Field-Test,Tomato___Bacterial_spot,0.1741777438670397,0.08330728206783534,0.4565960064530372
EfficientNetB7,Field-Test,Tomato___Early_blight,0.3100489783100783,0.08345215134322642,0.7242154628038406
EfficientNetB7,PV-Test,Tomato___Bacterial_spot,0.19015845432877543,0.10593379605561494,0.5675075769424438
EfficientNetB7,Field-Test,Tomato___Leaf_Mold,0.2386952444911003,0.4989572435617447,0.5217716217041015
EfficientNetB7,Field-Test,Tomato___Early_blight,0.1880684826523066,0.15045968107879165,0.7630641102790834
EfficientNetB7,PV-Test,Tomato___Leaf_Mold,0.19231202974915507,0.3096055433154107,0.6493312031030656
EfficientNetB7,PV-Test,Tomato___healthy,0.46479295054450637,0.6876993551850319,0.6632343232631684
EfficientNetB7,Field-Test,Tomato___Late_blight,0.42868354022502897,0.3314873367547988,0.6566790610551835
EfficientNetB7,Field-Test,Tomato___Late_blight,0.35241506099700926,0.36473524272441865,0.6583547472953797
EfficientNetB7,Field-Test,Tomato___Septoria_leaf_spot,0.4105220928788186,0.36052281111478807,0.6386451750993729
EfficientNetB7,Field-Test,Tomato___Early_blight,0.1523765712976456,0.16714484766125678,0.6733746662735938
EfficientNetB7,Field-Test,Tomato___Tomato_mosaic_virus,0.08997470333706589,0.14269843753427267,0.5683484382927417
EfficientNetB7,PV-Test,Tomato___Early_blight,0.33555742874741556,0.13539494480937722,0.6307810544967651
Hybrid_CNN_ViT,PV-Test,Tomato___Leaf_Mold,0.10333632528781891,0.2192300844937563,0.5675071209669112
Hybrid_CNN_ViT,Field-Test,Tomato___Target_Spot,0.11014684289693832,0.12912079691886902,0.5302598282694817
Hybrid_CNN_ViT,Field-Test,Tomato___Septoria_leaf_spot,0.13080241829156877,0.12162207290530207,0.5695507407188416
Hybrid_CNN_ViT,PV-Test,Tomato___Septoria_leaf_spot,0.2028621770441532,0.21497771590948106,0.5365472793579101
Hybrid_CNN_ViT,Field-Test,Tomato___Tomato_Yellow_Leaf_Curl_Virus,0.22804496437311172,0.1897753607481718,0.5375784069299698
Hybrid_CNN_ViT,PV-Test,Tomato___Tomato_mosaic_virus,0.10525963604450225,0.14759624227881432,0.6063365951180458
Hybrid_CNN_ViT,Field-Test,Tomato___Leaf_Mold,0.11799054816365243,0.16261098347604275,0.6184698432683946
Hybrid_CNN_ViT,Field-Test,Tomato___healthy,0.15820288732647897,0.620147079229355,0.745067173242569
Hybrid_CNN_ViT,Field-Test,Tomato___Tomato_Yellow_Leaf_Curl_Virus,0.19015821665525437,0.21510231494903564,0.5636732786893845
Hybrid_CNN_ViT,PV-Test,Tomato___Spider_mites Two-spotted_spider_mite,0.09981147870421411,0.16703881509602073,0.5661161333322524
Hybrid_CNN_ViT,Field-Test,Tomato___Late_blight,0.22925203293561935,0.2705109633505345,0.5365050554275512
Hybrid_CNN_ViT,Field-Test,Tomato___Late_blight,0.12410962283611297,0.2178911965340376,0.5103221595287323
Hybrid_CNN_ViT,PV-Test,Tomato___Target_Spot,0.2586587987840176,0.2854210957884789,0.622951453924179
Hybrid_CNN_ViT,PV-Test,Tomato___Leaf_Mold,0.15747687518596648,0.12877769730985164,0.5746730536222457
Hybrid_CNN_ViT,Field-Test,Tomato___Target_Spot,0.1504570908844471,0.13387305866926907,0.6341777563095092
Hybrid_CNN_ViT,PV-Test,Tomato___Bacterial_spot,0.2528939813375473,0.07646208293735982,0.5308037042617798
Hybrid_CNN_ViT,PV-Test,Tomato___Early_blight,0.20265133678913116,0.10321277007460594,0.5794528663158417
Hybrid_CNN_ViT,Field-Test,Tomato___healthy,0.20203566476702692,0.07536252066493035,0.5735707551240921
Hybrid_CNN_ViT,Field-Test,Tomato___Target_Spot,0.18323819041252137,0.11992385238409045,0.5602297082543373
Hybrid_CNN_ViT,Field-Test,Tomato___Leaf_Mold,0.10561285391449929,0.20020014792680738,0.5932168304920197
Hybrid_CNN_ViT,Field-Test,Tomato___Spider_mites Two-spotted_spider_mite,0.09847806878387928,0.1196805978193879,0.5880151689052582
Hybrid_CNN_ViT,PV-Test,Tomato___Bacterial_spot,0.17801030874252322,0.13653400167822838,0.5359266519546508
Hybrid_CNN_ViT,PV-Test,Tomato___Target_Spot,0.21640356034040453,0.32548051849007603,0.6137275964021683
Hybrid_CNN_ViT,PV-Test,Tomato___Tomato_Yellow_Leaf_Curl_Virus,0.16201054863631728,0.1331757180392742,0.5887010350823402
Hybrid_CNN_ViT,PV-Test,Tomato___Early_blight,0.2210634581744671,0.24291390739381313,0.5906430840492248
Hybrid_CNN_ViT,Field-Test,Tomato___Target_Spot,0.10849679112434386,0.3595828797668219,0.5880038619041442
Hybrid_CNN_ViT,Field-Test,Tomato___Spider_mites Two-spotted_spider_mite,0.13430475704371928,0.18331032898277044,0.5628937512636184
Hybrid_CNN_ViT,PV-Test,Tomato___Late_blight,0.2679497249424458,0.34582912623882295,0.4559272885322571
Hybrid_CNN_ViT,PV-Test,Tomato___Septoria_leaf_spot,0.1311069667339325,0.15845458656549458,0.5613613158464431
Hybrid_CNN_ViT,Field-Test,Tomato___Septoria_leaf_spot,0.25270789861679077,0.2646238446235657,0.6370090276002884
Hybrid_CNN_ViT,PV-Test,Tomato___healthy,0.3312895692884922,0.659676331281662,0.7511043369770051
Hybrid_CNN_ViT,PV-Test,Tomato___Target_Spot,0.11226848289370536,0.22054588608443737,0.6238354563713074
Hybrid_CNN_ViT,Field-Test,Tomato___Tomato_mosaic_virus,0.10875517651438713,0.11030562231317163,0.6733842734247447
Hybrid_CNN_ViT,PV-Test,Tomato___Tomato_mosaic_virus,0.08428235165774821,0.18618812477216126,0.6649456463754178
Hybrid_CNN_ViT,PV-Test,Tomato___Septoria_leaf_spot,0.15011384934186933,0.2672964919358492,0.5400968432426452
Hybrid_CNN_ViT,Field-Test,Tomato___Spider_mites Two-spotted_spider_mite,0.09364206828176977,0.16755907572805884,0.5434947103261948
Hybrid_CNN_ViT,PV-Test,Tomato___Bacterial_spot,0.22228516414761545,0.07483717054128647,0.48467490971088406
Hybrid_CNN_ViT,Field-Test,Tomato___Spider_mites Two-spotted_spider_mite,0.08436920046806336,0.07477256506681441,0.4959285199642181
Hybrid_CNN_ViT,PV-Test,Tomato___Bacterial_spot,0.27666884064674374,0.11976088844239713,0.49114063084125514
Hybrid_CNN_ViT,PV-Test,Tomato___Target_Spot,0.1871061861515045,0.14509444907307625,0.5912622720003129
Hybrid_CNN_ViT,PV-Test,Tomato___Tomato_mosaic_virus,0.10847115777432917,0.17368272580206395,0.6403242215514183
Hybrid_CNN_ViT,PV-Test,Tomato___Tomato_Yellow_Leaf_Curl_Virus,0.16969662457704543,0.1465424809604883,0.5805934727191926
Hybrid_CNN_ViT,Field-Test,Tomato___Septoria_leaf_spot,0.15561742559075353,0.4043061457574368,0.5114469498395919
Hybrid_CNN_ViT,Field-Test,Tomato___Tomato_mosaic_virus,0.10817898586392402,0.06941047497093678,0.6656834013760089
Hybrid_CNN_ViT,Field-Test,Tomato___healthy,0.1478610172867775,0.6542249649763108,0.7486029803752898
Hybrid_CNN_ViT,PV-Test,Tomato___Early_blight,0.12570583820343018,0.14323185831308363,0.5373490795493125
Hybrid_CNN_ViT,PV-Test,Tomato___healthy,0.31048169508576395,0.6361269578337669,0.7435520112514495
Hybrid_CNN_ViT,Field-Test,Tomato___Bacterial_spot,0.20870408788323402,0.08097995966672898,0.5300007045269013
Hybrid_CNN_ViT,Field-Test,Tomato___Early_blight,0.14737995490431785,0.11019525416195391,0.5861630797386169
Hybrid_CNN_ViT,PV-Test,Tomato___Bacterial_spot,0.20905258655548098,0.09713399931788447,0.5472873240709305
Hybrid_CNN_ViT,Field-Test,Tomato___Leaf_Mold,0.15172564834356309,0.4716607883572579,0.6030971974134445
Hybrid_CNN_ViT,Field-Test,Tomato___Early_blight,0.1758535452187061,0.18106494471430779,0.5907555907964707
Hybrid_CNN_ViT,PV-Test,Tomato___Leaf_Mold,0.15019875802099705,0.46670309007167815,0.5949498951435088
Hybrid_CNN_ViT,PV-Test,Tomato___healthy,0.2615446671843529,0.6593309119343758,0.7541798233985901
Hybrid_CNN_ViT,Field-Test,Tomato___Late_blight,0.18195365071296693,0.2583058409392834,0.5421408265829086
Hybrid_CNN_ViT,Field-Test,Tomato___Late_blight,0.2070214569568634,0.17695926427841188,0.47866049110889436
Hybrid_CNN_ViT,Field-Test,Tomato___Septoria_leaf_spot,0.2076053202152252,0.1788073521107435,0.5554193437099457
Hybrid_CNN_ViT,Field-Test,Tomato___Early_blight,0.15384619161486626,0.17110050320625303,0.5872807681560516
Hybrid_CNN_ViT,Field-Test,Tomato___Tomato_mosaic_virus,0.1260829009115696,0.12368417326360942,0.6766878589987755
Hybrid_CNN_ViT,PV-Test,Tomato___Early_blight,0.18264176398515702,0.13259207382798194,0.46385188102722164
