criterion,CNN_Only,EfficientNetB7,Hybrid_CNN_ViT,RegNetY008,VGG16
Field macro-F1 (primary),77.74 (#5),96.05 (#2),96.35 (#1),83.92 (#4),94.91 (#3)
Field accuracy,77.66 (#5),96.35 (#2),96.86 (#1),83.96 (#4),95.17 (#3)
PV macro-F1,83.66 (#5),97.70 (#2),98.57 (#1),92.34 (#4),97.45 (#3)
PV accuracy,91.59 (#5),98.78 (#2),99.28 (#1),96.19 (#4),98.42 (#3)
Lab-to-field gap (pp),13.93 (#5),2.43 (#2),2.42 (#1),12.23 (#4),3.25 (#3)
Field ECE after calibration,2.51 (#4),1.29 (#3),1.07 (#1),2.64 (#5),1.22 (#2)
Robustness: field mCA,58.19 (#5),92.22 (#2),93.68 (#1),64.78 (#4),87.47 (#3)
Leaf-Focus Score (field),63.21 (#4),74.69 (#2),92.54 (#1),64.30 (#3),56.59 (#5)
Grad-CAM deletion AUC,22.83 (#3),20.66 (#2),17.04 (#1),29.68 (#4),36.69 (#5)
Grad-CAM insertion AUC,49.78 (#4),62.81 (#1),58.46 (#2),47.71 (#5),49.89 (#3)
MEAN RANK,4.50,2.00,1.10,4.10,3.30
FIRST PLACES,0,1,9,0,0
