model,split,n,LFS_mean,LFS_ci95,LFS_median,pointing_leaf,top10_in_leaf,LeFS_mean,lesion_enrichment,pointing_lesion,accuracy
CNN_Only,Field-Test,80,0.632,0.054,0.697,0.838,0.706,0.066,1.048,0.261,0.862
CNN_Only,PV-Test,80,0.699,0.04,0.734,0.8,0.796,0.075,1.035,0.221,0.925
EfficientNetB7,Field-Test,80,0.747,0.038,0.769,0.938,0.897,0.08,1.142,0.286,0.962
EfficientNetB7,PV-Test,80,0.736,0.041,0.773,0.925,0.895,0.084,0.998,0.279,1.0
Hybrid_CNN_ViT,Field-Test,80,0.925,0.015,0.945,1.0,0.992,0.082,0.904,0.153,0.988
Hybrid_CNN_ViT,PV-Test,80,0.938,0.009,0.947,1.0,0.999,0.086,0.835,0.132,1.0
RegNetY008,Field-Test,80,0.643,0.074,0.753,0.762,0.637,0.075,1.084,0.246,0.912
RegNetY008,PV-Test,80,0.593,0.08,0.678,0.675,0.636,0.087,1.412,0.294,0.975
VGG16,Field-Test,80,0.566,0.067,0.641,0.712,0.62,0.054,1.104,0.125,0.962
VGG16,PV-Test,80,0.539,0.07,0.662,0.65,0.644,0.039,0.872,0.118,1.0
